<?xml version="1.0" encoding="utf-8"?>
<feed xmlns="http://www.w3.org/2005/Atom">

  <title><![CDATA[Category: Work | 张佳伟的博客]]></title>
  <link href="http://ghosertBlog.github.com/blog/categories/work/atom.xml" rel="self"/>
  <link href="http://ghosertBlog.github.com/"/>
  <updated>2013-10-06T10:36:46+08:00</updated>
  <id>http://ghosertBlog.github.com/</id>
  <author>
    <name><![CDATA[张佳伟]]></name>
    
  </author>
  <generator uri="http://octopress.org/">Octopress</generator>

  
  <entry>
    <title type="html"><![CDATA[Python 如何使基于 Java 的 StubHub 受益]]></title>
    <link href="http://ghosertBlog.github.com/blog/2013/07/21/stubhub-blog-chinese/"/>
    <updated>2013-07-21T00:05:00+08:00</updated>
    <id>http://ghosertBlog.github.com/blog/2013/07/21/stubhub-blog-chinese</id>
    <content type="html"><![CDATA[<h2>Python 如何使基于 Java 的 StubHub 受益</h2>

<p>自2006年以来，Python 已经相当流行，你可以看到越来越多的初创公司在他们开始自己的业务时选择 Python作为主要语言，例如：</p>

<p><strong>Netflix</strong> - 在线电视节目和电影公司<br/>
<strong>Dropbox</strong> - 最流行的文件同步和共享工具<br/>
<strong>YouTube</strong> - 分享在线视频<br/>
<strong>Disqus</strong> - 在线讨论和评论服务<br/>
<strong>OpenStack</strong> - 用于构建公共云和私有云的全开放源代码，全 Python 基础构建</p>

<p>当这些初创公司把这个优雅利落的语言作为基础设施来支持其业务的快速增长而得到越来越多的利益时，我在考虑我们 StuhbHub （一个基于 Java 生态系统的公司）怎样也可以从中获益，节省工作时间，并显著提高生产力，我会解释 Python 是什么？为什么选择 Python ，并向你展示用 Python 为我们的日常工作提供解决方案。</p>

<!--more-->


<h2>Python是什么 ？ 为什么选择Python ？</h2>

<p>Python是一种解释型的，面向对象的动态语言，像Java一样同样是跨平台的。与传统的主流语言如 Java / C + + 相比，程序员们喜欢它是由于以下原因：</p>

<h3>1.  Python 是一种多用途的语言</h3>

<p>我们知道，每一种语言都有其自身的优势或劣势,例如有些人会用 C++ 写运行在Windows操作系统平台上的游戏，但没有人会用 C++ 去建网站。好消息是你几乎可以利用 Python 处理任何工作，例如：web 应用，桌面 GUI 应用，Linux 脚本或其他任何方便的工具，并且作为”胶水语言”你甚至可以在 Python 代码中调用像 Java/C++ 等其他语言，这意味着你已有的代码库可以重用。</p>

<h3>2. Python 更有生产力</h3>

<p>一般来说, 当我们谈及 Java 和 Python时，最显著的区别是作为动态语言 Python 不需要编译这一步。这其实就意味着”生产力”。</p>

<p>还记得我们如何验证 Java 代码的修改吗? 尤其是在 StubHub，我们有一个相当大的代码库。</p>

<ol>
<li>修改你的 Java 代码 （1分钟）</li>
<li>使用 ant/maven 把你的 Java 代码编译为字节码 （5分钟）</li>
<li>重启 Jboss/Tomcat 来部署你的应用程序（5分钟）</li>
<li>打开浏览器查看变化</li>
</ol>


<p>这里的痛点是：假设你有一个 bug 修复需要1分钟，但你必须等待至少10分钟，才能在浏览器中看到变化，更糟糕的是，如果所做的修复并不能正常工作，因此，又要花费下一个10分钟只是为了做构建和部署。</p>

<p>当你使用 Python 处理的话，就相当容易了。</p>

<ol>
<li>修改你的 Python 代码（1分钟）</li>
<li>F5 刷新浏览器查看变化</li>
</ol>


<p><strong>恭喜！ 你在每次迭代修改上都节省了十分钟的时间。</strong></p>

<p>考虑一下每位开发者每天有多少次修改代码，像 StubHub 这样的庞大组织又有多少开发者，你可以计算下你总共可以节省多少工时，这可能大得超乎你的想象。</p>

<h3>3.  优雅，整齐，紧凑的 Python</h3>

<p>还有另一个主要的优点。Python的语法相当酷，我曾有一次用 Python 和 Java 去实现同样的功能，与 Java 相比 Python 仅仅用了一半的代码行数做了同样的事情。 基于此，这就是为什么人们喜欢用伪代码来验证想法或通过编写 Python 代码，实现一个快速原型。这能很快地让你知道你的想法或原型是否可行，然后你可以为你的生产环境用 Java 重写代码。这总好过你在一开始用 Java 编码，却最终发现你的原型是不可行的。</p>

<h2>StubHub 的 Python 故事</h2>

<p>StubHub 走的技术路线如下：</p>

<p>第一代： coldfusion<br/>
第二代：Java, 基于流的框架<br/>
第三代：Java, Tapestry + Spring + Hibernate 各种现代技术框架</p>

<p>你可以看到整个技术生态系统的发展是基于Java的。作为一名工程师，有时你不可能说服你的团队或架构师放弃已有的代码库或把底层架构从 Java 转为其他的，但是，仍旧有一些改善的空间，你可以把事情做得又好又快，让我给你分享一下来自我在 StubHub 个人工作经历的几个故事。</p>

<h3>故事1：使用 Python 处理 Java 源代码</h3>

<p>2011年 StubHub 的技术团队举行了为期一周名为 <strong>fixit</strong> 的活动，活动要求所有的开发者在一周之内为已有的代码写尽可能多的测试用例以提高整体的测试覆盖率，但在此之前，我们需要先把一些测试用例标记为”broken”， 因为如果有任何测试用例失败，都会导致分析工具无法正常产生覆盖率报告。</p>

<p>关键是给测试用例标记上”broken”很容易, 只要给 @Test annotations 加上 broken 的属性，如下所示：</p>

<p>把这样的代码：
<code>java
public class SomeTest {
...
}
</code>
改成：
<code>java
@Test(groups = {"broken"})
public class SomeTest {
...
}
</code></p>

<p>但在 StubHub 的代码库中有成百上千的测试用例代码，那意味着你首先得把他们都找出来，从代码库中检出一份案例，修改源代码，提交回修改，然后为下一个案例重复此步骤直到处理完所有成百上千个案例。</p>

<p>这事相当枯燥，我认为Python 更擅长这种重复的文件处理而不是我，以下是自动处理的Python代码片段：</p>

<p>```python
def start(path_name):</p>

<pre><code>for root, dirs, files in os.walk('src/' + path_name):
    if files:
        for file in files:
            filename = root + '/' + file
            print 'filename: ' + filename
            os.system('p4 edit //depot/project/pb_fixit_2011/gen31/test/' + filename)
            with open(filename, 'r+') as javafile:
                fileContent = javafile.read()
                matcher = re.search(r'@Test([\w\W]*?)public class', fileContent)
                if not matcher:
                    fileContent = re.sub(r'public class', '@Test(groups = {"broken"} )\npublic class',  fileContent)
                    javafile.seek(0) # return to 0 file position
                    javafile.write(fileContent)
</code></pre>

<p>```</p>

<p>仅仅14行代码，通过遍历给定的路径，并使用 <code>p4 edit ...</code> 从 Peforce 检出文件，从Java源文件读取文件内容，使用正则表达式把测试用例标记为 broken，然后把更改写回源文件。我想这个脚本节约了我一天的工作。</p>

<h3>故事2：测试第三方的API</h3>

<p>2012 年我加入了一个名为礼物卡的项目，有一个名为 Black Hawk 的第三方技术合作方，他们提供兑换钱的 Web Service API。在这个项目刚开始的时候，他们希望确保 StubHub 的测试服务器和 Black Hawk 服务器之间的 API 调用是通畅的。由于这仅仅只是做个验证，并不需要很严谨的写下正规的，能够很好处理异常的 Java 代码，也不需要在我们已经安装了 JRE 和 HttpClient 库的环境下部署我们的代码并测试 API（顺便说一下,  Python 作为基础应用被预装在大多数的 Linux 分发版中），当我认为这并不是很正式的代码，以后也不会被别人重用或者维护，就有了可以做同样事情的 Python 代码：</p>

<p>```python
from httplib2 import Http
def call_bh(url):</p>

<pre><code>try:
    http = Http()

    # Post request parameters
    body = """&lt;?xml version="1.0" encoding="UTF-8"?&gt; 
        &lt;bhnums:request 
        ......
        &lt;/bhnums:request&gt; 
    """
    headers = {'Content-type': 'text/xml;charset=UTF-8'}

    response, content = http.request(url, "POST", headers=headers, body=body)

    # Expected post response
    print content
except Exception, e:
    print e
    print 'fail to call black hawk.'
else:
    print 'success to call black hawk.'
</code></pre>

<p>```</p>

<p>通过 Python 来调用服务很令人愉快。尽管第一次失败了，由于代码的短小和易读性我只需要拷贝Python代码段到邮件里，发送给第三方的人询问:“这段代码有什么毛病吗？” 他们更正了某个 http 请求包的问题，给我回了邮件，然后我在测试服务器上修改代码，再次测试，它正常工作了。这期间并没有用到 JRE/IDE/编译/构建/部署，仅仅通过 ssh 连接到你的 Linux 服务器，使用 vi/emacs 修改你的代码， 然后 <strong>运行!</strong></p>

<h3>故事3：给客户重新发送奖励邮件</h3>

<p>2012 年，我还参与了另外一个名为 Rewards 的项目，旨在给参加这项活动的用户发送打折信息。他们加入这项活动以后，应该会收到一封关于活动详情的邮件。不幸的是由于服务器的问题，有 1285 位用户没有成功收到邮件，因此尽管他们已经加入了 Rewards 这个活动，却可能无法了解到如何获得折扣。因此，我被要求重新发送邮件来补救这个问题。</p>

<p>这项任务很紧急，如果我们能及时重新发送邮件，对用户来说也很有价值。但是假如我们选择传统的 Java 代码，我们需要通过 JDBC 或 Hibernate 来调用 SQL， 从数据库获得没收到邮件的用户，写下重新发送邮件的代码， 弄清楚在生产环境上，哪里构建/部署这段代码比较合适，然后回滚这次部署，因为这段代码只会使用一次。这很丑陋而且我能想象到，这至少需要花费我们2天时间来开发部署。</p>

<p>选择Python的话事情就简单多了，它还是一段运行在Linux服务器上的脚本。为了避免读取数据库，我们可以首先从数据库中取出用户 id 并像这样作为一个列表写到脚本中：</p>

<p><code>python
users = [556483, 556480, 556477, 556379, 556378, 556471, 556374, 469686, 556369, 556466, 556365, 556364, 556462, 556460, 556362, 556360, 556456, ...]
</code></p>

<p>1285个用户 ID 看起来是比较大的数目，但把他们全部放在 Python 的一个列表中作为脚本的一部分还是可以接受，然后让我们给用户重新发送邮件：</p>

<p>```python
def sendmail_to_all(users, url):</p>

<pre><code>for user in users:
    time.sleep(1)
    sendmail(user, url)
</code></pre>

<p>```</p>

<p>最终，仅仅一个晚上，我想所有的用户应该都收到了他们遗漏的 Rewards 邮件。</p>

<h3>故事4：推荐原型</h3>

<p>在 2010 年我有一位擅长数学的同事为 StubHub 提出了一个推荐算法，大致思路是：当用户浏览 StubHub 上的分类/活动信息时，系统会猜测用户对什么最感兴趣并有可能购买，我想可能我们又需要使用 Python 构建一个快速应用来验证他的推荐算法是否有效。</p>

<p>因此我花费了15分钟跟他讨论算法并尝试理解底下的神奇的规则，15分钟后，我搞清楚了，然后开始用 Python 编码。</p>

<p>第一, 我只是想为了验证算法，让原型能工作起来，我不会去用 Java 做一些服务器端的变更，数据模型的变更，对于我来说那更像是一个正式的项目，而不是一个原型。因此，我觉得我可以建一个内置浏览器的GUI桌面应用程序，人们可以操作内置浏览器并查看显示在GUI应用上（而非浏览器上）的推荐信息，这样可以使我们避免服务器端更改。幸运的是，用 Python 来构建一个 GUI 应用程序并不难。</p>

<p>其次，我需要从数据库获取历史订单信息并将这些处理后的数据应用于算法上。你可能知道 Python 在处理数据上同样比较擅长。</p>

<p>最终，在坚持不懈地使用 Python 编码 2 天后，我得到了一份如下的粗略原型：</p>

<p>GUI 应用的左侧是一个内置的浏览器显示了洛杉矶湖人的比赛，GUI 应用右侧显示了基于内置浏览器中当前的比赛，人们可能感兴趣的推荐赛事。推荐赛事里第一位的比赛是2010年的76队和湖人队之间的比赛，我猜你能告诉我这个推荐结果对于 NBA 粉丝来说是不是还算合理。：）</p>

<p><img src="https://lh6.googleusercontent.com/-adGChNMTZxM/UcuRJzYDQrI/AAAAAAAAAOU/iotr53MsUPE/s0/recomm_U.jpg" title="recomm_U.jpg" alt="recommendation-screenshot" /></p>

<p>让我们就假设结果是不理想的，但至少在两天内，我们就有机会知道该算法可行与否。这比我们用 Java 在两周内得到一个好算法更重要。你越快证明你错了，你越快可以筛选出更好的算法。这才是关键的地方。假如您的 Java 原型失败会怎样？你将失去整两个星期的时间而非两天，这个代价太昂贵了。</p>

<h2>Python 故事的结尾</h2>

<p>这些就是我在 StubHub 所有的 Python 故事，他们可能很微不足道，但是我相信故事还会继续。我们并非在讨论 Java，Python 或 C++ 哪个更好，我一点也不关心这个，我只知道我越多武装自己，我就会变得越强大，去处理各种各样的问题，而且不仅要努力地工作，也要聪明地工作。</p>

<p>这会让生活更轻松一点。</p>
]]></content>
  </entry>
  
  <entry>
    <title type="html"><![CDATA[How does Python benefit the Java based StubHub]]></title>
    <link href="http://ghosertBlog.github.com/blog/2013/07/17/stubhub-blog/"/>
    <updated>2013-07-17T20:24:00+08:00</updated>
    <id>http://ghosertBlog.github.com/blog/2013/07/17/stubhub-blog</id>
    <content type="html"><![CDATA[<h2>How does Python benefit the Java based StubHub ?</h2>

<p>Since 2006, Python has been pretty popular, you could see more and more startup companies choose Python as the primary language when they start their business, for example:</p>

<p><strong>Netflix</strong> - TV Shows &amp; Movies online company<br/>
<strong>Dropbox</strong> - The most popular file synchronization and sharing tool
<strong>YouTube</strong> - Sharing videos online<br/>
<strong>Disqus</strong> - Online discussion and commenting service<br/>
<strong>OpenStack</strong> - An all-open-source, all-Python infrastructure for building public and private clouds</p>

<p>While the startup companies get more and more benefits from this elegant and neat language as the infrastructure to support their fast growing business, I'm thinking how we, StuhbHub - a Java ecosystem based company could benefit from it either, to save working hours and enhance the productivity significantly, I will explain what and why is Python and show you the Python solutions in our daily work.</p>

<!--more-->


<h2>What and Why is Python ?</h2>

<p>Python is an interpreted, object-oriented dynamic language, and of cause like Java, it's a cross-platform language as well. Compared with the traditional mainstream language like Java/C++, programmers adore it because of the reasons below:</p>

<h3>1. Python is a versatile language</h3>

<p>As we know, every language has its own advantage or disadvantage, like People will write C++ codes for games on Windows operation system, but no one will build a website by writing C++. The good news is that you could leverage Python for almost any task such as: web application, GUI desktop application, Linux script or any other handy tools, and on the top of that, as "glue language" you could even invoke the other language like Java/C++ in your python code, that means your existing code base could be reused.</p>

<h3>2. Python is more productive</h3>

<p>General speaking, the distinct difference when we talking about Python and Java is that as a dynamic language, there is no compilation step necessary. Under this hood, that means "productivity".</p>

<p>Remember how we verify a modification in Java code ? Especially in StubHub, we own an extremely large code base.</p>

<ol>
<li>Modify your Java code. (1 min)</li>
<li>ant/maven to compile your Java code to byte code. (5 mins)</li>
<li>Restart JBoss/Tomcat to deploy your application. (5 mins)</li>
<li>Open your browser and see the changes.</li>
</ol>


<p>Here is the pain point: suppose you have a bug fix takes you 1 minute, but you have to wait at least 10 minutes to see the changes in your browser, the worse is that the fix is not working, therefore, another 10 minutes just for build/deploy is awaiting for you.</p>

<p>While you are working with Python, it's pretty easier.</p>

<ol>
<li>Modify your Python code. (1 min)</li>
<li>F5 to refresh your browser to see the changes.</li>
</ol>


<p><strong>Congrats! You are saving 10 minutes for each iteration on your code change</strong>.</p>

<p>Consider how many times in each day, each developer will have the code change and how many developers in a large organization like StubHub, you could calculate how many working hours you could save in all. That is huge and more than your imagine.</p>

<h3>3. Python is elegant, neat and compact</h3>

<p>And there is another major advantage. The syntax of Python is pretty cool, I had a chance to implement the same function with both Python and Java twice, it took me only 50% code line to do the same thing by Python compared with Java. Base on this, that's why people like to write pseudo code to verify ideas or implement a rapid prototype by writing Python code. It's quicker to let you know whether your ideas or prototypes are doable or viable, and after that, you could then rewrite your codes in Java for production. That is better than, from the very beginning, you start codes with Java but find out your prototype is not viable.</p>

<h2>Python Stories In StubHub</h2>

<p>StubHub go with the technical route like below:</p>

<p>Generation 1: coldfusion<br/>
Generation 2: Java, flow based framework.<br/>
Generation 3: Java, Tapestry + Spring + Hibernate, all kinds of modern technical framework.</p>

<p>You could see the whole technical ecosystem thrives based on Java. Sometimes it's impossible as the engineer you could convince the team or architects to discard all the existing code base or convert the underneath fundamentals from Java to another one, but still, there is some room you could get things done better and quicker, let me show you the stories from my personal working scenarios in StubHub.</p>

<h3>Story 1: Handle the Java source codes by Python</h3>

<p>In 2011, StubHub Tech Team kicked off a one-week activity named <strong>fixit</strong>, the activity required all the developers try to write as many as possible test cases for existing codes to enhance the overall test coverage within one week. But before that, we need to mark some test cases as "broken" first, because if there is any test case failed, the analysis tool can't produce the coverage report.</p>

<p>The point is that it's easy to mark the test cases as "broken": just add @Test annotations with broken attribute like below:</p>

<p>From
<code>java
public class SomeTest {
...
}
</code>
To
<code>java
@Test(groups = {"broken"})
public class SomeTest {
...
}
</code></p>

<p>But there are hundreds of test cases source codes in StubHub code base.  That means you have to find them all first, check one case out from repository, modify the source code, check in back the changes and then repeat the steps for the next case until hundreds of cases have been handled.</p>

<p>This is boring. And I think it's Python could handle file operations repeatedly well not me. Thus I have the Python code snippet below to handle it automatically:</p>

<p>```python
def start(path_name):</p>

<pre><code>for root, dirs, files in os.walk('src/' + path_name):
    if files:
        for file in files:
            filename = root + '/' + file
            print 'filename: ' + filename
            os.system('p4 edit //depot/project/pb_fixit_2011/gen31/test/' + filename)
            with open(filename, 'r+') as javafile:
                fileContent = javafile.read()
                matcher = re.search(r'@Test([\w\W]*?)public class', fileContent)
                if not matcher:
                    fileContent = re.sub(r'public class', '@Test(groups = {"broken"} )\npublic class',  fileContent)
                    javafile.seek(0) # return to 0 file position
                    javafile.write(fileContent)
</code></pre>

<p><code>``
Just 14 lines, the codes walk through the given path and check out files from Perforce by</code>p4 edit ...`, read file content from Java source file, use the regular expression to mark the test case as broken and then write back the changes to the source file. I suppose this script saved me one day work.</p>

<h3>Story 2: Testing on 3rd party API</h3>

<p>In 2012, I joined a project named Gift Card, there is a 3rd party technical partner named Black Hawk who provides the redeem/reversal money Web Service APIs. At the very beginning of this project, they wanted to make sure the API calls from StubHub testing server was accessible to Black Hawk server. Since it's just a verification, it's not that serious to write down the formal, exception-well-handled Java codes, deploy the codes to somewhere we have the JRE installed and HttpClient libs there as the prerequisites and then begin to test APIs (By the way, Python is pre-installed for almost all the Linux distributions as the fundamental). When I think it's not formal codes in the future it could be reused or maintained by others, Here is what Python could do for the same thing:</p>

<p>```python
from httplib2 import Http
def call_bh(url):</p>

<pre><code>try:
    http = Http()

    # Post request parameters
    body = """&lt;?xml version="1.0" encoding="UTF-8"?&gt; 
        &lt;bhnums:request 
        ......
        &lt;/bhnums:request&gt; 
    """
    headers = {'Content-type': 'text/xml;charset=UTF-8'}

    response, content = http.request(url, "POST", headers=headers, body=body)

    # Expected post response
    print content
except Exception, e:
    print e
    print 'fail to call black hawk.'
else:
    print 'success to call black hawk.'
</code></pre>

<p>```
Calling the service via Python is joyful. Although at first, it failed, But since the code is pretty short and readable, I just copied the Python snippet to the email and asked the 3rd party guys: "Is there anything wrong"? They replied me with some correction in the http request body, then I edited the codes on our testing server, tried again, it worked. There is no JRE/IDE/compilation/build/deployment here, just ssh to your Linux server, edit your codes with vi/emacs editor and <strong>Run !</strong>.</p>

<h3>Story 3: Resend Rewards Emails to customers</h3>

<p>In 2012, there was another project named Rewards which would give our users some discounts if they engaged this campaign. And when they engaged it, they would be supposed to receive a mail about the details of this campaign. Unfortunately, because of the environment issue, there were 1285 users fail to receive this mail so that they may not know how to get discounts, although they had already joined Rewards campaign. Thus, I was required to resend the mails to make up for this issue.</p>

<p>The task was emergent and valuable for the user if we could resend the mails as soon as possible. But if we go with the traditional Java codes, we need to have the SQLs to pick up the missing users from database first, invoke this SQL by JDBC or Hibernate, write down codes for resending email and figure out somewhere to build/deploy codes in production, and then roll back the deployment, since it's supposed to be used once. That is ugly and I could imagine, it at least takes us 2 days for development and deployment.</p>

<p>While choosing Python, the thing is easier. It's still some kind of script running on Linux server. To avoid reading database, I could pick up the user id from database first and write them into the script as the list like this.</p>

<p><code>python
users = [556483, 556480, 556477, 556379, 556378, 556471, 556374, 469686, 556369, 556466, 556365, 556364, 556462, 556460, 556362, 556360, 556456, ...]
</code>
It looks like 1285 user ids is a large amount,  but still it's acceptable they are all in a python list as the part of script, then let's resend mail to the users:</p>

<p>```python
def sendmail_to_all(users, url):</p>

<pre><code>for user in users:
    time.sleep(1)
    sendmail(user, url)
</code></pre>

<p>```
At last, just one night, I guess all our users got their missing rewards mails.</p>

<h3>Story 4: Recommendation Prototype</h3>

<p>In 2010, one of my colleagues, who is a master at Mathematics, proposed a recommendation algorithm for StubHub, basically, the idea is that when the user is browsing the genre/event information on Stubhub, the system will guess what's the most interested genres/events the user maybe purchase as well. I think the chances are we need Python once again to build a rapid application and see whether his recommendation algorithm works or not.</p>

<p>So I took 15 minutes to discuss algorithm with him and try to understand the underneath magic rules, I was crystal after 15 minutes and started coding with Python.</p>

<p>First, I just want to make the prototype work for verifying algorithm, I'm not going to go with Java to do some server side changes, data modal changes, that's more like a formal project to me not a prototype. Thus, I think I could have a GUI desktop application with the built-in browser, people could operate the built-in browser and recommended information could be displayed on GUI application instead of browser, so that we avoid server side changes. Fortunately, It's not difficult for Python to build a GUI app.</p>

<p>Second, I need to process the historical order info from database to calculate the data, and then apply the algorithm. As you might know, Python is good at processing data as well.</p>

<p>Finally, two days later, with the unrelenting coding with Python, I derived a coarse prototype like below:</p>

<p>The left side of the GUI app is a built-in browser which is rendering the events of Los Angeles Lakes, and the right side of the GUI app is the recommended events which people may be interested based on the current event in the built-in browser. The top event of the recommended events is the match between 76ers and Lakers in 2010, guess you could tell me whether this make sense or not to NBA fans. :)</p>

<p><img src="https://lh6.googleusercontent.com/-adGChNMTZxM/UcuRJzYDQrI/AAAAAAAAAOU/iotr53MsUPE/s0/recomm_U.jpg" title="recomm_U.jpg" alt="recommendation-screenshot" /></p>

<p>Let's just suppose the result is not that ideal, but at least within two days, we have the chance to know whether the algorithm is viable or not. This is even more important than we derive a good algorithm by Java within two weeks. The quicker you prove you are wrong, the quicker you could sift through a better algorithm. That's the point. What if your Java prototype fails? Instead of two days, you lost two weeks, the cost is expensive.</p>

<h2>The End Of The Python Stories</h2>

<p>These are all my Python Stories in StubHub, maybe they are trivial but I believe the stories will go on continuously. The thing is that we are not talking about which one is better: Java or Python or C++, I don't care, I know only the more I could arm myself, the more powerful I could be, to tackle with all kinds of scenarios and not only work hard but also work smart.</p>

<p>This makes the life easier.</p>
]]></content>
  </entry>
  
</feed>
